"","Min.","1st Qu.","Median","Mean","3rd Qu.","Max."
"1",0.94933172041341,0.950630663039711,0.951221557521082,0.951202971545026,0.951829767927787,0.953061804147817
