"","Min.","1st Qu.","Median","Mean","3rd Qu.","Max."
"1",38.88889,39.87879,40.08081,40.05798,40.32828,40.66667
