"","Min.","1st Qu.","Median","Mean","3rd Qu.","Max."
"1",0.629353972295426,0.629738410591051,0.629845418366215,0.629844651191655,0.629926428258711,0.630306479124564
