"","Min.","1st Qu.","Median","Mean","3rd Qu.","Max."
"1",0.896414204452447,0.902095165388715,0.904837964820469,0.904856887710591,0.907286538544258,0.917757940577776
