"","Min.","1st Qu.","Median","Mean","3rd Qu.","Max."
"1",0.864347904806523,0.875930199109219,0.878847257132606,0.878877063472252,0.88231597358236,0.889586902595257
