"","Min.","1st Qu.","Median","Mean","3rd Qu.","Max."
"1",0.914098942454185,0.921280243464772,0.923258466268664,0.922991159993417,0.924993620245568,0.928778778727955
