"","Min.","1st Qu.","Median","Mean","3rd Qu.","Max."
"1",0.907987088938357,0.916419911989001,0.919245970802479,0.918848393183637,0.921525390280435,0.928869557979761
