"","Min.","1st Qu.","Median","Mean","3rd Qu.","Max."
"1",0.944028920973456,0.944268220381831,0.944345048125507,0.944344331423065,0.944436864209839,0.944596827483838
