"","Min.","1st Qu.","Median","Mean","3rd Qu.","Max."
"1",0.941617721260259,0.942269326256698,0.94250617608007,0.942487683622802,0.942749628268379,0.943516959000349
