"","Min.","1st Qu.","Median","Mean","3rd Qu.","Max."
"1",0.901130427963979,0.901917988750054,0.902275636420494,0.902275409417942,0.902573810102137,0.903505032587795
