"","Min.","1st Qu.","Median","Mean","3rd Qu.","Max."
"1",0.875773111286468,0.877909374216607,0.878639857700356,0.878587484196241,0.879267876376219,0.88232886088759
