"","Min.","1st Qu.","Median","Mean","3rd Qu.","Max."
"1",22.76768,24.4798,25.0303,24.96646,25.49495,26.72727
