"","Min.","1st Qu.","Median","Mean","3rd Qu.","Max."
"1",0.637465066138822,0.637833744153326,0.637962849504374,0.637944292849853,0.638052017606283,0.638356735240595
