"","Min.","1st Qu.","Median","Mean","3rd Qu.","Max."
"1",0.924838309124119,0.929473753823341,0.930911212188962,0.930670605821524,0.931790036193003,0.934587797550069
