"","Min.","1st Qu.","Median","Mean","3rd Qu.","Max."
"1",0.940493663417344,0.942509855720651,0.943406254534325,0.943279502550165,0.943964844144607,0.945816401901263
