"","Min.","1st Qu.","Median","Mean","3rd Qu.","Max."
"1",0.929092480132387,0.932195226308512,0.933906236202362,0.933748436940161,0.93519974622515,0.938771386385743
