"","Min.","1st Qu.","Median","Mean","3rd Qu.","Max."
"1",64.8686868686869,65.5454545454545,65.9090909090909,65.850303030303,66.1363636363636,66.969696969697
