"","Min.","1st Qu.","Median","Mean","3rd Qu.","Max."
"1",64.86869,65.5101,65.75758,65.78465,66.06061,66.9697
