"","Min.","1st Qu.","Median","Mean","3rd Qu.","Max."
"1",64.8686868686869,65.510101010101,65.7575757575758,65.7846464646465,66.0606060606061,66.969696969697
