"","Min.","1st Qu.","Median","Mean","3rd Qu.","Max."
"1",50.46465,51.22727,51.60606,51.63051,51.94444,52.86869
