"","Min.","1st Qu.","Median","Mean","3rd Qu.","Max."
"1",0.620595584157371,0.622085731244245,0.622477549686643,0.622451050214426,0.622849838383338,0.623808235255673
