"","Min.","1st Qu.","Median","Mean","3rd Qu.","Max."
"1",0.536966176535711,0.538408855585363,0.538817217776289,0.538771638197677,0.539106732642204,0.540643973733745
