"","Min.","1st Qu.","Median","Mean","3rd Qu.","Max."
"1",0.81769057120455,0.829962196411074,0.843842753631983,0.840931597678433,0.847709820179736,0.871725180109864
