"","Min.","1st Qu.","Median","Mean","3rd Qu.","Max."
"1",46.28283,47.69192,48.0404,48.01919,48.34343,49.05051
