"","Min.","1st Qu.","Median","Mean","3rd Qu.","Max."
"1",0.623090016279484,0.624784461479924,0.625532390170176,0.62543788110516,0.626150451561108,0.627462404897229
